iter	MultiClass	Accuracy
0	-1.733279186	0.3351923077
1	-1.625710738	0.4184615385
2	-1.58490623	0.4384615385
3	-1.541389425	0.4419230769
4	-1.513216319	0.4632692308
5	-1.49389213	0.4738461538
6	-1.472173309	0.4784615385
7	-1.439981952	0.4971153846
8	-1.429434333	0.5009615385
9	-1.394529062	0.5036538462
10	-1.363519215	0.5182692308
11	-1.352264866	0.5228846154
12	-1.341383234	0.5251923077
13	-1.331163751	0.5315384615
14	-1.316848389	0.5421153846
15	-1.308661572	0.5444230769
16	-1.302890545	0.5461538462
17	-1.277480425	0.5509615385
18	-1.259369601	0.565
19	-1.24835946	0.5669230769
20	-1.227577793	0.5692307692
21	-1.210204609	0.5775
22	-1.202291491	0.5786538462
23	-1.191084698	0.5826923077
24	-1.185877425	0.5861538462
25	-1.173301964	0.5913461538
26	-1.155804069	0.6001923077
27	-1.147166915	0.6015384615
28	-1.139959826	0.6042307692
29	-1.13476138	0.6048076923
30	-1.125766153	0.6101923077
31	-1.122384557	0.6107692308
32	-1.104464066	0.6176923077
33	-1.078701976	0.6207692308
34	-1.072289938	0.6244230769
35	-1.064218485	0.6267307692
36	-1.058645438	0.6278846154
37	-1.056316709	0.6307692308
38	-1.050192395	0.6325
39	-1.04926356	0.6323076923
40	-1.047276314	0.6338461538
41	-1.042705036	0.6353846154
42	-1.038715548	0.6382692308
43	-1.034419222	0.6388461538
44	-1.031877145	0.6403846154
45	-1.023982257	0.6432692308
46	-1.022142418	0.6440384615
47	-1.018144204	0.6446153846
48	-1.015965796	0.6461538462
49	-1.007747731	0.6505769231
50	-0.9994081484	0.6594230769
51	-0.9982634722	0.6601923077
52	-0.9967582964	0.6615384615
53	-0.9942735495	0.6619230769
54	-0.9922849367	0.6630769231
55	-0.9903798204	0.6638461538
56	-0.9894084453	0.6642307692
57	-0.9879086345	0.665
58	-0.9865019973	0.6669230769
59	-0.9858669655	0.6659615385
60	-0.9835373281	0.6676923077
61	-0.9818674608	0.6688461538
62	-0.9798239779	0.6701923077
63	-0.9790588104	0.6705769231
64	-0.9780120673	0.6705769231
65	-0.9766596036	0.6721153846
66	-0.975021486	0.6725
67	-0.9740435272	0.6732692308
68	-0.9731372459	0.6736538462
69	-0.9721217482	0.6736538462
70	-0.9715035573	0.6736538462
71	-0.9705634654	0.6740384615
72	-0.9681064326	0.6755769231
73	-0.966592174	0.6767307692
74	-0.9659172472	0.6771153846
75	-0.9646907729	0.6769230769
76	-0.9591739657	0.6803846154
77	-0.9583109903	0.6803846154
78	-0.9565804809	0.6807692308
79	-0.9547665436	0.6807692308
80	-0.9530735846	0.6826923077
81	-0.9507783051	0.6832692308
82	-0.9489558917	0.6846153846
83	-0.9449042482	0.6848076923
84	-0.9442687259	0.6861538462
85	-0.9390746456	0.6878846154
86	-0.9372706645	0.6894230769
87	-0.935426374	0.6901923077
88	-0.9347787461	0.6907692308
89	-0.9341263763	0.6901923077
90	-0.9332487638	0.6905769231
91	-0.9322613623	0.6925
92	-0.9314733211	0.6921153846
93	-0.9264818876	0.6948076923
94	-0.9254008114	0.6953846154
95	-0.9246884129	0.6961538462
96	-0.9234051578	0.6971153846
97	-0.9225475301	0.6976923077
98	-0.9217565165	0.6982692308
99	-0.921026692	0.6978846154
100	-0.9201957169	0.6978846154
101	-0.9193750971	0.6986538462
102	-0.9177074495	0.6998076923
103	-0.916657151	0.7007692308
104	-0.9133297017	0.6996153846
105	-0.9119073612	0.7011538462
106	-0.9109463063	0.7019230769
107	-0.9094837447	0.7026923077
108	-0.9085360239	0.7030769231
109	-0.907785481	0.7036538462
110	-0.9073627292	0.7028846154
111	-0.9066082229	0.7030769231
112	-0.9062103677	0.7036538462
113	-0.9053009133	0.7040384615
114	-0.9046323719	0.7044230769
115	-0.9035613909	0.7046153846
116	-0.899146566	0.7067307692
117	-0.898495138	0.7057692308
118	-0.8977685352	0.7063461538
119	-0.8964774603	0.7067307692
120	-0.8953683534	0.7071153846
121	-0.8941717182	0.7078846154
122	-0.8927576707	0.7086538462
123	-0.8917819142	0.7084615385
124	-0.8912091521	0.7096153846
125	-0.8905561879	0.7094230769
126	-0.8900005716	0.7094230769
127	-0.8863150136	0.71
128	-0.8854046817	0.7109615385
129	-0.8842841049	0.7115384615
130	-0.8772635116	0.7161538462
131	-0.8767304699	0.7167307692
132	-0.876217947	0.7163461538
133	-0.8755727362	0.7161538462
134	-0.8742545715	0.7171153846
135	-0.8726807925	0.7173076923
136	-0.872186085	0.7180769231
137	-0.8714920339	0.7178846154
138	-0.8709204842	0.7184615385
139	-0.8699086725	0.7196153846
140	-0.8688123557	0.7198076923
141	-0.8682163278	0.7205769231
142	-0.8669675374	0.7205769231
143	-0.8660711755	0.7219230769
144	-0.865273583	0.7215384615
145	-0.8642448937	0.7226923077
146	-0.8634649761	0.7234615385
147	-0.8627936144	0.7226923077
148	-0.8620990027	0.7234615385
149	-0.8616346221	0.7236538462
150	-0.8606568452	0.7244230769
151	-0.8600816964	0.7242307692
152	-0.8595513124	0.7251923077
153	-0.858974379	0.7246153846
154	-0.8582960408	0.7259615385
155	-0.8577209421	0.725
156	-0.8572461401	0.7257692308
157	-0.8566378045	0.7261538462
158	-0.8559615806	0.7263461538
159	-0.8554335076	0.7265384615
160	-0.8549859626	0.7263461538
161	-0.854450509	0.7265384615
162	-0.8539774918	0.7263461538
163	-0.8532836696	0.7263461538
164	-0.8523427003	0.7271153846
165	-0.8517261619	0.7275
166	-0.8506813905	0.7278846154
167	-0.8502086314	0.7286538462
168	-0.849667077	0.7290384615
169	-0.8483302507	0.7294230769
170	-0.8480330078	0.7296153846
171	-0.8476352804	0.7296153846
172	-0.8471828234	0.7301923077
173	-0.8461204066	0.7307692308
174	-0.8455639529	0.7309615385
175	-0.8446396169	0.7315384615
176	-0.8441768437	0.7325
177	-0.8436294759	0.7328846154
178	-0.8429344532	0.7328846154
179	-0.8413688837	0.7330769231
180	-0.8407130994	0.7336538462
181	-0.8401616942	0.7338461538
182	-0.8398479628	0.7342307692
183	-0.8390852192	0.7348076923
184	-0.8383747899	0.7346153846
185	-0.8379176047	0.735
186	-0.8375825441	0.7348076923
187	-0.8363614763	0.7353846154
188	-0.835539044	0.7355769231
189	-0.8337985884	0.7382692308
190	-0.8332156503	0.7378846154
191	-0.832589031	0.7384615385
192	-0.8320175787	0.7384615385
193	-0.8314230947	0.7384615385
194	-0.8309311911	0.7384615385
195	-0.830601355	0.7390384615
196	-0.8301761247	0.7396153846
197	-0.8296412849	0.74
198	-0.8289602197	0.7405769231
199	-0.8286010389	0.7403846154
200	-0.8281152017	0.74
201	-0.8275138356	0.7401923077
202	-0.8266852265	0.7407692308
203	-0.8259673223	0.7413461538
204	-0.8254688437	0.7417307692
205	-0.8248816768	0.7428846154
206	-0.8241437368	0.7423076923
207	-0.8234838508	0.7423076923
208	-0.8226673814	0.7428846154
209	-0.8222292674	0.7428846154
210	-0.8218611647	0.7438461538
211	-0.8213123811	0.7440384615
212	-0.8209382386	0.7440384615
213	-0.8205012063	0.7444230769
214	-0.8200126697	0.7446153846
215	-0.8195509547	0.745
216	-0.8185964368	0.7448076923
217	-0.8180720425	0.745
218	-0.8176813917	0.7459615385
219	-0.8172480845	0.7461538462
220	-0.816904367	0.7461538462
221	-0.8165752416	0.7461538462
222	-0.8162976139	0.7463461538
223	-0.8152898937	0.7457692308
224	-0.8146796247	0.7461538462
225	-0.814095275	0.7463461538
226	-0.8137028049	0.7467307692
227	-0.8126293415	0.7473076923
228	-0.8116689255	0.7478846154
229	-0.8112504179	0.7478846154
230	-0.81085292	0.7482692308
231	-0.8104829264	0.7484615385
232	-0.8094535469	0.7482692308
233	-0.8089620885	0.7488461538
234	-0.8085223714	0.7492307692
235	-0.8080359617	0.7496153846
236	-0.8077267907	0.7498076923
237	-0.8070890299	0.7505769231
238	-0.8065133433	0.7509615385
239	-0.8061909107	0.7507692308
240	-0.805869151	0.7507692308
241	-0.8052727605	0.7511538462
242	-0.8046892879	0.7511538462
243	-0.8041997052	0.7513461538
244	-0.8037692269	0.7513461538
245	-0.8031924349	0.7515384615
246	-0.7994504141	0.7536538462
247	-0.7987629082	0.7542307692
248	-0.7978159701	0.755
249	-0.7972640184	0.7553846154
250	-0.7968042552	0.7555769231
251	-0.7965762033	0.7557692308
252	-0.7961695534	0.7559615385
253	-0.7954205881	0.7561538462
254	-0.7942624286	0.7571153846
255	-0.7940538245	0.7571153846
256	-0.793750874	0.7569230769
257	-0.7932186937	0.7575
258	-0.7918357603	0.7578846154
259	-0.7910060083	0.7571153846
260	-0.790657834	0.7576923077
261	-0.7903087531	0.7578846154
262	-0.789845279	0.7590384615
263	-0.7896042095	0.7590384615
264	-0.7892346794	0.7596153846
265	-0.7889758523	0.7594230769
266	-0.788809864	0.7592307692
267	-0.7883317265	0.7596153846
268	-0.7877256796	0.7603846154
269	-0.7874177134	0.7601923077
270	-0.7869797101	0.7605769231
271	-0.7865959091	0.7607692308
272	-0.7861605252	0.7607692308
273	-0.7858660779	0.7613461538
274	-0.7851972344	0.7615384615
275	-0.7828958031	0.7619230769
276	-0.782359556	0.7621153846
277	-0.7818806801	0.7623076923
278	-0.7813528636	0.7623076923
279	-0.7808303212	0.7625
280	-0.7805881255	0.7625
281	-0.7777729908	0.7646153846
282	-0.7770740665	0.7661538462
283	-0.7761683643	0.7665384615
284	-0.7757185981	0.7667307692
285	-0.7751905179	0.7669230769
286	-0.7747829803	0.7673076923
287	-0.7742418778	0.7686538462
288	-0.7734761988	0.7688461538
289	-0.7725600501	0.7694230769
290	-0.7723046076	0.7694230769
291	-0.7718060842	0.7696153846
292	-0.771313398	0.7701923077
293	-0.7708908907	0.7701923077
294	-0.7704798249	0.7696153846
295	-0.769913662	0.7701923077
296	-0.7696457585	0.7707692308
297	-0.769261364	0.7709615385
298	-0.7688692381	0.7707692308
299	-0.76821159	0.7715384615
300	-0.7676219534	0.7719230769
301	-0.7672657832	0.7719230769
302	-0.7664894923	0.7723076923
303	-0.7659872266	0.7726923077
304	-0.7652386143	0.7732692308
305	-0.7648924995	0.7730769231
306	-0.7645892019	0.7736538462
307	-0.7642246685	0.7738461538
308	-0.7635855935	0.7738461538
309	-0.7633676967	0.7736538462
310	-0.7628258655	0.7736538462
311	-0.7622099071	0.7744230769
312	-0.7616010582	0.7742307692
313	-0.7611946897	0.7744230769
314	-0.7596499093	0.7746153846
315	-0.7589658277	0.7751923077
316	-0.7587436171	0.7753846154
317	-0.7583557781	0.7753846154
318	-0.7581038992	0.7753846154
319	-0.7577412283	0.7761538462
320	-0.7573919618	0.7761538462
321	-0.7570379811	0.7759615385
322	-0.7561558247	0.7765384615
323	-0.7552751103	0.7775
324	-0.7547873623	0.7784615385
325	-0.7543835919	0.7790384615
326	-0.7540969018	0.7794230769
327	-0.753621782	0.7796153846
328	-0.7532045591	0.7794230769
329	-0.7526686989	0.7796153846
330	-0.7523712591	0.7796153846
331	-0.7520448727	0.7794230769
332	-0.7518866294	0.7796153846
333	-0.751379806	0.7801923077
334	-0.7511636786	0.7805769231
335	-0.7505734789	0.7811538462
336	-0.7480904079	0.7798076923
337	-0.7473099114	0.7803846154
338	-0.7468440892	0.7811538462
339	-0.7460831757	0.7815384615
340	-0.7456273387	0.7813461538
341	-0.7452553339	0.7817307692
342	-0.7449463967	0.7823076923
343	-0.7442931962	0.7823076923
344	-0.7440950549	0.7823076923
345	-0.7434057657	0.7823076923
346	-0.7432499958	0.7826923077
347	-0.7429147599	0.7826923077
348	-0.7427446364	0.7832692308
349	-0.742455863	0.7828846154
350	-0.7421038776	0.7834615385
351	-0.7403981253	0.7830769231
352	-0.7400430189	0.7832692308
353	-0.7373787921	0.7832692308
354	-0.7369863953	0.7832692308
355	-0.736635366	0.7834615385
356	-0.7362614406	0.7836538462
357	-0.7359619971	0.7832692308
358	-0.7356718185	0.7832692308
359	-0.7354042282	0.7836538462
360	-0.7350147275	0.7840384615
361	-0.7343100404	0.7855769231
362	-0.7339101647	0.7859615385
363	-0.7334121114	0.7861538462
364	-0.733178601	0.7863461538
365	-0.7329201399	0.7863461538
366	-0.7324424945	0.7871153846
367	-0.7320633171	0.7869230769
368	-0.7317391711	0.7867307692
369	-0.7313490363	0.7876923077
370	-0.7309077544	0.7880769231
371	-0.7306886559	0.7880769231
372	-0.7301897234	0.7876923077
373	-0.7294180586	0.7884615385
374	-0.7288147374	0.7886538462
375	-0.7282613061	0.7894230769
376	-0.7275401909	0.7901923077
377	-0.7270239512	0.7903846154
378	-0.7263046433	0.7911538462
379	-0.7258860263	0.7911538462
380	-0.7255831736	0.7909615385
381	-0.7251247708	0.7909615385
382	-0.7248468857	0.7911538462
383	-0.7243722558	0.7917307692
384	-0.724031651	0.7909615385
385	-0.7236035048	0.7917307692
386	-0.7231501248	0.7925
387	-0.7229337534	0.7926923077
388	-0.7225276847	0.7926923077
389	-0.7222371506	0.7928846154
390	-0.7219377306	0.7932692308
391	-0.7217595609	0.7932692308
392	-0.7213763681	0.7938461538
393	-0.7211515369	0.7936538462
394	-0.7208058212	0.7938461538
395	-0.7205406204	0.7942307692
396	-0.7199452275	0.795
397	-0.719740255	0.795
398	-0.719537861	0.7953846154
399	-0.7193143092	0.7955769231
400	-0.718732599	0.7959615385
401	-0.7182753578	0.7959615385
402	-0.7180693328	0.7961538462
403	-0.7173843303	0.7963461538
404	-0.7170038713	0.7965384615
405	-0.7165666027	0.7965384615
406	-0.7160624896	0.7967307692
407	-0.7156883561	0.7969230769
408	-0.713976086	0.7961538462
409	-0.713753366	0.7969230769
410	-0.713586651	0.7971153846
411	-0.7134041044	0.7971153846
412	-0.7124989856	0.7961538462
413	-0.7115747539	0.7957692308
414	-0.7113025562	0.7963461538
415	-0.711075285	0.7965384615
416	-0.7109685711	0.7971153846
417	-0.7107744056	0.7973076923
418	-0.7098829314	0.7978846154
419	-0.7094753639	0.7976923077
420	-0.7092946442	0.7982692308
421	-0.7090203648	0.7978846154
422	-0.7087541904	0.7984615385
423	-0.7080949185	0.7986538462
424	-0.7078590781	0.7988461538
425	-0.7070349555	0.8
426	-0.7066244278	0.8005769231
427	-0.7061415299	0.7998076923
428	-0.7024715369	0.8007692308
429	-0.7021770012	0.8011538462
430	-0.7016668619	0.8011538462
431	-0.701287337	0.8011538462
432	-0.7010680619	0.8007692308
433	-0.7008455259	0.8011538462
434	-0.7005344359	0.8013461538
435	-0.6990855891	0.8015384615
436	-0.6987129091	0.8013461538
437	-0.6983823194	0.8011538462
438	-0.6980968522	0.8017307692
439	-0.6978092039	0.8019230769
440	-0.6976108489	0.8023076923
441	-0.6973881266	0.8026923077
442	-0.6969582537	0.8026923077
443	-0.6967463909	0.8032692308
444	-0.6963909762	0.8030769231
445	-0.696035916	0.8032692308
446	-0.695554199	0.8038461538
447	-0.6951859754	0.8034615385
448	-0.694884657	0.8032692308
449	-0.6946032687	0.8030769231
450	-0.6944224032	0.8032692308
451	-0.6940371964	0.8038461538
452	-0.6937034302	0.8038461538
453	-0.6935644891	0.8036538462
454	-0.6930039772	0.8044230769
455	-0.6926831589	0.8048076923
456	-0.6924600757	0.8040384615
457	-0.6921179256	0.8034615385
458	-0.6919164843	0.8036538462
459	-0.6916540915	0.8036538462
460	-0.6903833296	0.8042307692
461	-0.6902148674	0.8044230769
462	-0.6894624899	0.8038461538
463	-0.689121319	0.8044230769
464	-0.6884898481	0.8048076923
465	-0.6880704406	0.805
466	-0.687725107	0.8051923077
467	-0.6874698029	0.8053846154
468	-0.6870258183	0.8055769231
469	-0.6868623208	0.8055769231
470	-0.6866995689	0.8063461538
471	-0.6863539044	0.8065384615
472	-0.6861690183	0.8067307692
473	-0.6859380384	0.8065384615
474	-0.6853542085	0.8069230769
475	-0.6851198114	0.8071153846
476	-0.6849318984	0.8071153846
477	-0.6846501858	0.8075
478	-0.6844308179	0.8078846154
479	-0.684173701	0.8080769231
480	-0.6837871027	0.8080769231
481	-0.6835103904	0.8078846154
482	-0.6833753139	0.8078846154
483	-0.6830278305	0.8084615385
484	-0.682831619	0.8084615385
485	-0.6826462249	0.8084615385
486	-0.6823722683	0.8088461538
487	-0.6821888015	0.8088461538
488	-0.6818746967	0.8090384615
489	-0.6815727561	0.8092307692
490	-0.6813785812	0.8090384615
491	-0.6806927021	0.8096153846
492	-0.6804388259	0.8094230769
493	-0.6801381423	0.8094230769
494	-0.6797950735	0.8094230769
495	-0.6794178488	0.8098076923
496	-0.6786363896	0.81
497	-0.6779955555	0.8098076923
498	-0.677564072	0.8107692308
499	-0.6773248241	0.8105769231
